Review..,Brand,Variety,Style,Country,Stars,Count
2567,Nissin,Deka Buto Kimchi Pork Flavor,Bowl,Japan,4.5,234
2566,Nissin,Demae Ramen Bar Noodle Aka Tonkotsu Flavour Instant Noodle,Pack,Hong Kong,5,234
2560,Nissin,Cup Noodles Laksa Flavour,Cup,Hong Kong,4.25,234
2553,Nissin,Hakata Ramen Noodle White Tonkotsu,Bowl,Japan,4.75,234
2549,Nissin,Gekikara Ramen Extra Hot Ramen Goreng,Pack,Indonesia,4.5,234
2539,Nissin,Demae Iccho Tonkotsu Flavour Instant Noodle,Cup,Hong Kong,3.75,234
2537,Nissin,Cup NoodlesTom Yam Seafood (More Shrimptacular),Cup,Singapore,5,234
2532,Nissin,Nippon Onomichi Ramen,Bowl,Japan,4.75,234
2524,Nissin,Straits Reborn Laksa,Pack,Singapore,5,234
2521,Nissin,Cup Noodles Potato Chips Black Pepper Crab Flavour,Pack,Singapore,4.5,234
2520,Nissin,Cup Noodles Blacl Pepper Crab Flavour (More Angry Crab),Cup,Singapore,5,234
2471,Nissin,Cup Noodles Mini Seafood Flavour,Cup,Hong Kong,5,234
2465,Nissin,Cup Noodles XO Sauce Seafood,Cup,China,3.75,234
2463,Nissin,Gekikara Ramen Rasa Pedas,Pack,Indonesia,3.25,234
2459,Nissin,Cup Noodles MUG Shoyu & Seafood,Pack,Japan,3.5,234
2437,Nissin,Raoh Nojyuku Toro Tonkotsu Ramen,Bowl,Japan,4.5,234
2433,Nissin,Cup Noodles Indonesia Mie Goreng,Cup,Japan,3.75,234
2425,Nissin,Seafood Flavour Rice Vermicelli,Cup,Hong Kong,5,234
2420,Nissin,Cup Noodles Spicy Seafood Flavor,Cup,China,3.75,234
2415,Nissin,Kitsune Udon Donbei (West),Bowl,Japan,5,234
2413,Nissin,Cup Noodles Beef Flavour,Cup,Hong Kong,2.5,234
2405,Nissin,Cup Noodles Mini Spicy Seafood,Cup,Hong Kong,4,234
2400,Nissin,Cup Noodles Tom Yam Seafood Flavour,Cup,Singapore,5,234
2394,Nissin,Cup Noodles Prawn Flavour,Cup,Hong Kong,3.75,234
2390,Nissin,Rice Vermicelli Pickled Vegetable Pork Flavour,Cup,Hong Kong,3.75,234
2387,Nissin,Demae Iccho Sesame Oil Flavour Instant Noodle,Bowl,Hong Kong,3.5,234
2381,Nissin,Demae Iccho Seafood Flavour Instant Noodle,Cup,Hong Kong,4.75,234
2376,Nissin,Disney Cuties Instant Chicken With Corn Flavour,Cup,Thailand,3.25,234
2373,Nissin,Top Ramen Atta Nooldes Masala,Pack,India,4.5,234
2361,Nissin,Demae Iccho Chicken Flavour Instant Noodle (Bowl Noodle),Bowl,Hong Kong,5,234
2353,Nissin,"Cup Noodles Rich Garlic, Egg Yolk & Oxtail",Cup,Japan,4,234
2350,Nissin,Cup Noodles BIG XO Sauce Seafood Flavour,Cup,Hong Kong,4,234
2347,Nissin,Demae Iccho Tonkotsu Flavour Instant Noodle (Bowl Noodle),Bowl,Hong Kong,3,234
2326,Nissin,Demae Iccho Tokyo Shoru Tonkotsu Instant Noodle,Cup,Hong Kong,4,234
2320,Nissin,Nupasta Bolognese Flavour Instant Noodle,Cup,Japan,4,234
2316,Nissin,Cup Noodle Spicy Curry Chicken,Cup,Japan,5,234
2314,Nissin,Cup Noodles Spicy Beef Flavour,Cup,Hong Kong,4,234
2309,Nissin,Cup Noodles Big Seafood Flavour,Cup,Hong Kong,4,234
2306,Nissin,Demae Iccho Black Garlic Oil Tonkotsu Flavour Instant Noodles,Cup,Hong Kong,4,234
2302,Nissin,Yakisoba,Tray,Japan,5,234
2300,Nissin,Demae Ramen Spicy Xo Sauce Seafood Flavour Instant Noodle,Pack,Hong Kong,4,234
2295,Nissin,Cup Noodles Seafood,Cup,China,4,234
2293,Nissin,Nupasta Bacon In Carbonara Sauce Flavour Instant Noodle,Pack,Hong Kong,5,234
2290,Nissin,Demae Ramen Straight Noodle Black Garlic Oil Tonkotsu Flavour Instant Noodle,Pack,Hong Kong,5,234
2288,Nissin,Cup Noodles Tom Yum Goong Flavour,Cup,Hong Kong,4,234
2284,Nissin,Korean Kimchi Flavour Vermicelli,Cup,Hong Kong,4,234
2283,Nissin,Raoh Pork Bone Soy Soup Noodle,Pack,Japan,5,234
2281,Nissin,Demae Iccho Red Hot Seafood Flavour Instant Noodle,Cup,Hong Kong,4,234
2279,Nissin,Demae Iccho Spicy Tonkotsu Flavour Instant Noodle (Bowl Noodle),Bowl,Hong Kong,5,234
2278,Nissin,Raoh Tantanmen,Pack,Japan,5,234
2272,Nissin,Demae Iccho Spicy Kimchi Pot Flavour Instant Noodle (Bowl Noodle),Bowl,Hong Kong,4,234
2268,Nissin,Nupasta Neapolitan Flavour Instant Noodle,Pack,Hong Kong,5,234
2266,Nissin,Disney Cuties Instant Noodle Crab Flavour,Cup,Thailand,4,234
2265,Nissin,Cup Noodles Rich Soft Shelled Turle Soup,Cup,Japan,3,234
2254,Nissin,Disney Cuties Instant Noodle Seaweed Flavour,Cup,Thailand,3,234
2250,Nissin,Demae Iccho Spicy XO Sauce Seafood Flavour,Pack,Hong Kong,4,234
2247,Nissin,Sapporo Noukou Miso Ramen,Bowl,Japan,5,234
2245,Nissin,Vietnamese Chicken Coriander Flavour Vermicelli,Cup,Hong Kong,4,234
2243,Nissin,Cup Noodles Black Pepper Crab Flavour,Cup,Hong Kong,4,234
2237,Nissin,Cup Noodle Light+ Bagna Cauda,Cup,Japan,5,234
2233,Nissin,Cup Noodles Milk Seafood Flavour,Cup,Hong Kong,4,234
2232,Nissin,Spicy Chikin Donburi,Bowl,Japan,5,234
2228,Nissin,Raoh Shoyu Ramen,Bowl,Japan,5,234
2221,Nissin,Cup Noodle Seafood,Cup,Japan,5,234
2217,Nissin,Demae Ramen Spicy Seafood Flavour Instant Noodle,Pack,Hong Kong,5,234
2211,Nissin,Disney Cuties Instant Noodle Roast Pork Flavour,Cup,Thailand,3,234
2209,Nissin,Demae Ramen Spicy Hot tonkotsu Flavour Instant Noodle,Pack,Hong Kong,5,234
2207,Nissin,Big Cup Noodles Tonkotsu Flavour,Cup,Hong Kong,3,234
2206,Nissin,Deka Buto Kuro M-yu Tonkotsu,Bowl,Japan,5,234
2202,Nissin,Nupasta Vongole Flavour Instant Noodle,Cup,Hong Kong,4,234
2195,Nissin,Gyorai Inaniwa Chuka Soba,Bowl,Japan,5,234
2189,Nissin,Demae Ramen Sesame Oil Flavour Cup,Cup,Hong Kong,4,234
2185,Nissin,Raoh Hot & Sour Ramen,Pack,Japan,5,234
2163,Nissin,Piritto Karakuchi Tantan Udon,Bowl,Japan,4,234
2141,Nissin,Men Shokunin Kaoruyasai Shio,Bowl,Japan,5,234
2137,Nissin,Demae Ramen Spicy Curry Flavour Instant Noodles,Pack,Hong Kong,4,234
2136,Nissin,Demae Ramen Roast Beef Flavour Instant Noodles,Pack,Hong Kong,4,234
2133,Nissin,Kimchi Chikin Ramen Donburi,Bowl,Japan,5,234
2126,Nissin,Mennippon Oumi Chanpon,Bowl,Japan,5,234
2123,Nissin,Cup Noodles Tom Yum Shrimp Sabb Flavour,Cup,Thailand,5,234
2122,Nissin,Chilli Noodles Stir Fried Holy Basil Flavour,Pack,Thailand,5,234
2121,Nissin,Instant Noodles Moo Manao Flavour,Pack,Thailand,4,234
2120,Nissin,Super Tom Yum Shrimp,Cup,Thailand,3.5,234
2119,Nissin,Cup Noodles Minced Pork Flavour,Cup,Thailand,3.5,234
2118,Nissin,Chilli Noodles Tom Yum Shrimp Creamy Soup Flavour,Cup,Thailand,3.25,234
2116,Nissin,Instant Noodles Tom Yum Shrimp Saab Flavour,Pack,Thailand,4,234
2115,Nissin,Cup Noodles Moo Manao Flavour,Cup,Thailand,4,234
2114,Nissin,Instant Noodles Minced Pork Flavour,Pack,Thailand,3.5,234
2113,Nissin,Cup Noodles Seafood Creamy Flavour,Cup,Thailand,4,234
2112,Nissin,Chilli Noodles Spicy Tom Yum Flavour,Pack,Thailand,4,234
2111,Nissin,Cup Noodles Chilli Crab Flavour,Cup,Hong Kong,3.75,234
2102,Nissin,Cup Noodles Singapore Laksa,Cup,Japan,5,234
2095,Nissin,Straits Kitchen Laksa,Pack,Singapore,5,234
2090,Nissin,Nupasta Salmon In White Sauce Flavour Instant Noodle,Pack,Hong Kong,5,234
2089,Nissin,Big Cup Noodles Seafood Curry Flavour,Cup,Hong Kong,5,234
2088,Nissin,Demae Iccho Beef Flavour Instant Noodle,Bowl,Hong Kong,4,234
2087,Nissin,Mie Goreng Indonesia Stir Noodle Original Flavour,Pack,Hong Kong,4,234
2086,Nissin,Demae Ramen Sesame Flavour Instant Noodles,Pack,Hong Kong,5,234
2084,Nissin,Demae Ramen Straight Noodle Kyushu Tonkotsu Instant Noodle,Pack,Hong Kong,5,234
2083,Nissin,Taisho Fried Noodle Sesame Paste Flavour Instant Noodle,Pack,Hong Kong,5,234
2082,Nissin,Cup Noodles Pork Chowder Flavour,Cup,Hong Kong,4,234
2081,Nissin,Cup Mifun Spicy Beef Flavour,Cup,Hong Kong,4,234
2079,Nissin,Nupasta Carbonara Flavour Instant Noodle,Cup,Hong Kong,5,234
2078,Nissin,Demae Iccho Curry Beef Flavour,Cup,Hong Kong,4,234
2077,Nissin,Cup Noodles Big Spicy Seafood Flavour,Cup,Hong Kong,5,234
2076,Nissin,Demae Iccho Black Garlic Oil Tonkotsu,Bowl,Hong Kong,3.75,234
2060,Nissin,Cup Noodle Light+ Cheese Fondue,Cup,Japan,5,234
2055,Nissin,Tokyo Tokunou Gyokai Tonkotsu,Bowl,Japan,5,234
2027,Nissin,Shinshu Miso Ramen,Bowl,Japan,5,234
2004,Nissin,Donbei Dashi Shoyu Yakiudon,Bowl,Japan,3.75,234
2003,Nissin,Raoh Rich Miso Flavor,Bowl,Japan,5,234
2002,Nissin,Cup Noodles Tom Yum Goong,Cup,Japan,3.8,234
2001,Nissin,Cup Noodle Big Seafood Clam Chowder,Cup,Japan,4,234
2000,Nissin,Chikin Ramen Donburi,Bowl,Japan,5,234
1999,Nissin,Curry Udon,Cup,Japan,5,234
1998,Nissin,Men Shokunin Shoyu,Bowl,Japan,5,234
1997,Nissin,Cup Noodle Vegeta Buta-kyabetsu Tonkotsu,Cup,Japan,4.3,234
1996,Nissin,Cup Noodle Pasta Style Tarako Spaghetti,Cup,Japan,4,234
1995,Nissin,Cup Noodle Big Cheese Mexican Chilli,Cup,Japan,5,234
1994,Nissin,Gyoretsu-no-Dekiru-Mise-no-Ramen (Shrimp Tantanmen),Bowl,Japan,5,234
1993,Nissin,Raoh Tonkotsu,Pack,Japan,5,234
1992,Nissin,Cup Noodle Light Plus Ratatouille,Cup,Japan,4.5,234
1991,Nissin,Cup Noodle Milk Chikin Ramen,Cup,Japan,5,234
1990,Nissin,Cup Noodle,Cup,Japan,5,234
1987,Nissin,Yokohama Walker Iekei Ramen,Bowl,Japan,4.5,234
1984,Nissin,Chinese Tan Tan Vermicelli,Cup,Hong Kong,5,234
1979,Nissin,BIG Cup Noodle Ajillo,Cup,Japan,3,234
1946,Nissin,Raoh Shio Ramen,Pack,Japan,4.75,234
1940,Nissin,Cup Noodle Pasta Style Bolognese,Cup,Japan,5,234
1938,Nissin,Donbei Kamodashi Soba,Bowl,Japan,5,234
1911,Nissin,Emergency Chikin Ramen Cup Noodle,Cup,Japan,5,234
1908,Nissin,Kuroma-yu Tonkotsu Kumamoto Ramen,Bowl,Japan,4.75,234
1897,Nissin,Cup Noodle Massaman Curry,Cup,Japan,3.5,234
1893,Nissin,Cup Noodle Sio,Cup,Japan,5,234
1888,Nissin,Cup Noodles Kyushu White Flavour,Cup,Singapore,3.5,234
1871,Nissin,Cup Noodles Minced Pork Flavour,Cup,Thailand,3.75,234
1860,Nissin,Cupo Noodle Pasta Style Vongole,Cup,Japan,2.75,234
1759,Nissin,Cup Noodles Moo Manao Flavour,Cup,Thailand,4,234
1739,Nissin,Raoh Tanrei Koku Shio Ramen,Bowl,Japan,4.5,234
1631,Nissin,Donbei Tempura Soba Mini,Bowl,Japan,4,234
1626,Nissin,Gonbuto Kistune Udon,Bowl,Japan,2.75,234
1619,Nissin,Chu Qian Yi Ding Tom Yum Instant Noodles With Soup Base,Pack,Singapore,3.75,234
1605,Nissin,Demae Iccho Mushroom With Vegetables Flavour Macaroni,Pack,Hong Kong,3.5,234
1599,Nissin,Top Ramen Super Noodles Tomato,Pack,India,3.5,234
1578,Nissin,Gonbuto Tempura Udon,Bowl,Japan,4,234
1567,Nissin,Emergency Cup Noodle,Cup,Japan,4.25,234
1566,Nissin,Cup Noodles Tomato Enjoy Noodles With Hot Soup,Cup,India,3.25,234
1546,Nissin,Demae Rice Vermicelli Beef Flavour,Pack,Hong Kong,3.5,234
1524,Nissin,Chu Qian Yi Ding Spicy Sesame Flavour Instant Noodles With Soup Base,Pack,Singapore,3.5,234
1509,Nissin,Donbei Kitsune Udon Mini,Bowl,Japan,3.5,234
1507,Nissin,Chu Qian Yi Ding Prawn Flavour Instant Noodles With Soup Base,Pack,Singapore,3.5,234
1506,Nissin,Cup Noodles Mug Noodles Spicy Vegetable,Pack,India,3.75,234
1461,Nissin,Cup Noodles Black Pepper Crab Flavour,Cup,Singapore,4,234
1460,Nissin,Premium Instant Noodles Spicy Beef Flavour,Pack,Singapore,3.75,234
1459,Nissin,Cup Noodles Tom Yam Veg Flavour,Cup,Singapore,4,234
1458,Nissin,Premium Instant Noodles Roasted Beef Flavour,Bowl,Singapore,3.75,234
1457,Nissin,Chu Qian Yi Ding Sesame Oil Flavour,Pack,Singapore,3.75,234
1456,Nissin,Cup Noodles Chicken Flavour,Cup,Singapore,3.5,234
1455,Nissin,Premium Instant Noodles XO Sauce Seafood Flavour,Pack,Singapore,3.75,234
1454,Nissin,Cup Noodles Chilli Crab Flavour,Cup,Singapore,4,234
1453,Nissin,Japanese Ramen Kyushu Black Instant Noodles With Soup Base,Pack,Singapore,5,234
1452,Nissin,Premium Instant Noodles Spicy Beef Flavour,Bowl,Singapore,3.75,234
1451,Nissin,Cup Noodles Tom Yam Seafood Flavour,Cup,Singapore,4,234
1450,Nissin,Japanese Ramen Tokyo Shoyu Instant Noodles With Soup Base,Pack,Singapore,5,234
1449,Nissin,Cup Noodles Seafood Curry Flavour,Cup,Singapore,4,234
1448,Nissin,Premium Instant Noodles Roasted Beef Flavour,Pack,Singapore,4.25,234
1447,Nissin,Cup Noodles Cream Of Chicken Flavour,Cup,Singapore,4,234
1398,Nissin,Fried Noodle Specialist Tom Yam Mee Goreng Flavour,Pack,Singapore,3,234
1318,Nissin,Spa Oh Tarako Spaghetti,Bowl,Japan,4,234
1307,Nissin,Cup Noodle Cheese Curry,Cup,Japan,3.75,234
1304,Nissin,Demae Ramen Shoyu Tonkotsu Artificial Pork Flavour,Pack,Hong Kong,4.75,234
1263,Nissin,Cup Noodle Curry X Gunpla RX-78-2 Gundam,Cup,Japan,4.25,234
1243,Nissin,Demae Rice Vermicelli Chicken Flavour Instant Rice Vermicelli With Soup Base,Pack,Hong Kong,1.75,234
1241,Nissin,Donbei Kansai Soy Sauce Flavor Udon,Pack,Japan,3.75,234
1235,Nissin,Demae Ramen Miso Tonkotsu Artificial Pork Flavor Ramen Noodle,Pack,Hong Kong,3.75,234
1220,Nissin,Ultraman Instant Noodle Pork Flavour,Cup,Japan,3,234
1211,Nissin,Demae Iccho Instant Noodle With Soup Base Artificial Chicken Flavour,Bowl,Hong Kong,3,234
1207,Nissin,UFO Yakisoba With Wasabi Mayonnaise,Bowl,Japan,5,234
1197,Nissin,Cup Noodle Chilli Tomato,Cup,Japan,4.5,234
1168,Nissin,Donbei Curry Udon (West Japanese),Bowl,Japan,3.25,234
1162,Nissin,Chanpon Ramen,Pack,Japan,4.75,234
1158,Nissin,Demae Iccho XO Sauce Seafood Flavour,Bowl,Hong Kong,4,234
1136,Nissin,Yakisoba,Pack,Japan,5,234
1107,Nissin,Demae Ramen Kimchi Flavour Instant Noodle With Soup Base,Bowl,Hong Kong,3.5,234
1106,Nissin,Raoh Rich Soy Sauce With Roast Pork (2 Slices),Bowl,Japan,4.5,234
1083,Nissin,GooTa Demi Hamburg-Men,Cup,Japan,4.75,234
1071,Nissin,Raoh Soy Sauce Taste,Pack,Japan,4,234
1069,Nissin,Raoh Rich Miso Flavor,Bowl,Japan,5,234
1067,Nissin,Cup Noodle Red Shock,Cup,Japan,3.75,234
1033,Nissin,King Cup Noodle BBQ Chicken & Onion,Cup,Japan,3.75,234
1014,Nissin,King Spa Oh Peperoncino Spaghetti (æ—¥æ¸…ç”Ÿã‚¿ã‚¤ãƒ—SpaçŽ‹ ãƒšãƒšãƒ­ãƒ³ãƒãƒ¼ãƒŽ),Bowl,Japan,4.25,234
1007,Nissin,Demae Ramen Sesame Oil Flavour Noodles With Soup Base,Bowl,Hong Kong,4.5,234
976,Nissin,Donbei Tensoba,Bowl,Japan,4,234
964,Nissin,Raoh Backfat Rich Soy Sauce Flavor,Bowl,Japan,5,234
914,Nissin,Ramen Shop Sapporo Miso,Pack,Japan,4,234
738,Nissin,U.F.O. Yakiosoba,Bowl,Japan,3.75,234
702,Nissin,Demae Ramen Black Garlic Oil Tonkotsu,Pack,Japan,4.5,234
700,Nissin,Chikin Ramen (Local),Pack,Japan,5,234
687,Nissin,Cup Noodles Xo Sauce Seafood,Cup,Hong Kong,3.75,234
669,Nissin,Gozen Tempura,Bowl,Japan,4,234
639,Nissin,Gozen Kitsune Udon,Bowl,Japan,5,234
617,Nissin,Demae Iccho Sesame Oil Chicken Macaroni,Pack,Japan,3.75,234
550,Nissin,Taisho Fried Noodle Yakisoba,Pack,Japan,4.25,234
539,Nissin,Demae Ramen Chicken,Pack,Japan,3,234
524,Nissin,Cup Noodles Spicy Seafood,Cup,Hong Kong,3.75,234
497,Nissin,Demae Iccho Seafood & Abalone Macaroni,Pack,Japan,4,234
400,Nissin,Cup Noodles Seafood Curry,Cup,Hong Kong,4.25,234
392,Nissin,Yakisoba Noodles Karashi,Tray,Japan,5,234
384,Nissin,Demae Iccho Tom Yam Goong Macaroni,Pack,Japan,4,234
365,Nissin,Cup Noodles Prawn,Cup,Singapore,3.25,234
363,Nissin,Demae Iccho Tonkotsu Macaroni,Pack,Japan,3.5,234
296,Nissin,Cup Noodles Crab,Cup,Hong Kong,3.25,234
284,Nissin,Cup Noodles Seafood,Cup,Hong Kong,4.5,234
244,Nissin,Karashi Mayo Yakisoba,Tray,Japan,4.75,234
196,Nissin,Cup Noodles Pani Puri,Cup,India,1.5,234
189,Nissin,Cup Noodles Manchurian,Cup,India,3,234
157,Nissin,Sotanghon,Cup,Philippines,2,234
124,Nissin,Yakisoba With Mayonnaise/Mustard Packet,Tray,Japan,5,234
85,Nissin,Demae Ramen Sesame,Pack,Japan,3.75,234
83,Nissin,Demae Ramen Spicy Flavor,Pack,Japan,2,234
82,Nissin,Demae Ramen Miso,Pack,Japan,2.75,234
78,Nissin,Demae Ramen Seafood,Pack,Japan,2.5,234
77,Nissin,Demae Ramen Prawn,Pack,Japan,3.25,234
74,Nissin,Demae Ramen Shoyu,Pack,Japan,4,234
73,Nissin,Demae Ramen Five Spices Artificial Beef,Pack,Japan,3.5,234
72,Nissin,Demae Ramen Tonkatsu Artificial Pork,Pack,Japan,3.5,234
71,Nissin,Demae Ramen Satay,Pack,Japan,2.5,234
70,Nissin,Demae Ramen XO Sauce Seafood,Pack,Japan,4,234
63,Nissin,Souper Meal Chicken Flavor With Vegetable Medley,Bowl,Japan,3,234
28,Nissin,Chikin Ramen,Pack,Japan,5,234
27,Nissin,Demae Ramen Curry Flavor,Pack,Japan,4,234
26,Nissin,Soba Noodles With Mayo Mustard Squirt,Pack,Japan,4,234
25,Nissin,Demae Ramen Spicy Flavor,Pack,Japan,3,234
24,Nissin,Demae Ramen Spicy Seafood With Chili Pepper,Pack,Japan,2,234
1865,Mama,Shrimp Tom Yum Flavour Cup Noodles,Cup,Myanmar,3.5,71
1859,Mama,Instant Noodles chicken Green Curry Flavour,Pack,Cambodia,5,71
1854,Mama,Chinese Kitchen Chinese Style Instant Noodles,Pack,Myanmar,3.5,71
1845,Mama,Oriental Style Instant Noodles Shrimp Flavour,Pack,Bangladesh,3.25,71
1826,Mama,Instant Noodles Stewed Beef Flavour,Pack,Cambodia,3.5,71
1808,Mama,Vegetarian Instant Cup Noodle Tofu & Shiitake Flavour,Cup,Thailand,3.5,71
1805,Mama,Oriental Style Instant Noodles Tandoori Flavour,Pack,Bangladesh,4,71
1803,Mama,Vegetarian Instant Noodles Tom Yum Flavour,Pack,Thailand,4,71
1767,Mama,Instant Noodles Shrimp Tom Yum Flavour,Pack,Cambodia,4,71
1755,Mama,Oriental Style Instant Noodles Hot & Spicy Flavour,Pack,Bangladesh,4,71
1743,Mama,Rangers Snack Noodles Shrimp Tom Yum Flavour,Pack,Myanmar,4.5,71
1731,Mama,Instant Noodles Creamy Shrimp Tom Yum Flavour,Pack,Cambodia,5,71
1716,Mama,Instant Noodles Egg Protein Noodles,Pack,Myanmar,3.5,71
1696,Mama,Cup Yentafo Tom Yum Mohfai,Cup,Thailand,5,71
1695,Mama,Cup Shrimp Creamy Tom Yum,Cup,Thailand,5,71
1694,Mama,Instant Rice Vermicelli Bihun Goreng Original Flavour,Pack,Thailand,4.75,71
1693,Mama,Instant Noodles coconut Milk Flavour,Cup,Myanmar,5,71
1692,Mama,Oriental Style Instant Noodles Chicken Flavour,Pack,Bangladesh,3.25,71
1691,Mama,Instant Cup Noodles Minced Prok Flavor,Cup,Thailand,3.5,71
1668,Mama,Cup Rice Vermicelli With Clear Soup,Cup,Thailand,3.5,71
1662,Mama,Non-Fried Instant Noodles Ramen Tonkotsu Flavor,Pack,Thailand,5,71
1656,Mama,JokCup Instant Porridge Soup Seafood Flavour,Cup,Thailand,3.5,71
1625,Mama,Instant Rice Noodle Soup Spicy Shrimp Flavour,Bowl,Thailand,5,71
1598,Mama,Cup Rice Vermicelli Shrimp Creamy Tom Yum,Cup,Thailand,4,71
1577,Mama,Pork Flavour Whole Wheat Noodle,Pack,Thailand,3.75,71
1568,Mama,Instant Noodles Cup Beef Flavour,Cup,Thailand,3.5,71
1513,Mama,Instant Noodles Tom Yum Pork Flavour,Pack,Thailand,4,71
1477,Mama,Instant Noodles Moo Nam Tok Flavour,Pack,Thailand,4,71
1474,Mama,Instant Noodle Shrimp Tom Yum Flavour Jumbo Pack,Pack,Thailand,4,71
1473,Mama,Instant Cup Noodles Shrimp Tom Yum Flavour (Extreme),Cup,Thailand,5,71
1471,Mama,Instant Noodles Shrimp Creamy Tom Yum Flavour Jumbo Pack,Pack,Thailand,5,71
1470,Mama,Instant Cup Noodles Spicy Cheese Flavour,Cup,Thailand,3.5,71
1468,Mama,Instant Cup Noodles Seafood Pad Kee Mao Flavour,Cup,Thailand,5,71
1466,Mama,Oriental Style Instant Noodles Green Curry Flavour Jumbo Pack,Pack,Thailand,5,71
1320,Mama,Instant Noodles Cup Seafood Flavour,Cup,Thailand,3.75,71
1302,Mama,Instant Noodles Yentafo Tom Yum Mohfai Flavour,Pack,Thailand,5,71
1251,Mama,Instant Noodles Tom Saab Flavour,Pack,Thailand,3.5,71
1237,Mama,Instant Noodles Creamy Tom Yum Minced Pork Flavour,Pack,Thailand,3.5,71
1205,Mama,Instant Noodles Pork Flavour With Black Pepper,Pack,Thailand,3.5,71
1199,Mama,Instant Noodles Chicken Green Curry Flavour,Pack,Thailand,3.75,71
1112,Mama,Oriental Style Instant Kua-Chap Clear Soup,Pack,Thailand,3.75,71
1032,Mama,Authentic Thai Cuisine Pad Thai,Pack,Thailand,4,71
937,Mama,Shrimp (TOM YUM),Pack,Thailand,3.75,71
665,Mama,Moo Nam Tok Rice Vermicelli,Pack,Thailand,3.25,71
590,Mama,Chand Clear Soup,Bowl,Thailand,3.5,71
537,Mama,Pad Kee Mao Drunken,Pack,Thailand,2,71
534,Mama,Pho Ga,Pack,Thailand,3.1,71
464,Mama,Vegetable,Pack,Thailand,3.25,71
389,Mama,Vegetarian Tom Yum,Pack,Thailand,2.75,71
304,Mama,Pho Bo Rice Noodle Artificial Beef,Bowl,Thailand,3.5,71
281,Mama,Oriental Kitchen Hot Spicy,Cup,Thailand,3,71
275,Mama,Cup Shrimp Tom Yum Flavor,Cup,Thailand,3.75,71
267,Mama,Pork,Cup,Thailand,2,71
255,Mama,Oriental Kitchen Spicy Seafood,Cup,Thailand,3.75,71
246,Mama,Artificial Pork Jumbo,Pack,Thailand,3,71
224,Mama,Instant Bowl Noodles Artificial Pork,Bowl,Thailand,2.75,71
179,Mama,Kimchi,Pack,Thailand,3,71
178,Mama,Oriental Style Clear Soup,Pack,Thailand,2,71
172,Mama,Flat Noodle Tom Yum,Pack,Thailand,3.75,71
159,Mama,Hot & Spicy,Pack,Thailand,1.75,71
158,Mama,Jok Cup Porridge Artificial Pork,Cup,Thailand,2.5,71
146,Mama,Pho Bo,Pack,Thailand,2.5,71
143,Mama,Mamy Chand Clear Soup,Pack,Thailand,2.75,71
140,Mama,Mi Goreng,Pack,Thailand,5,71
136,Mama,Shrimp Creamy Tom Yum,Pack,Thailand,5,71
128,Mama,Artificial PA-LO Duck,Pack,Thailand,0.1,71
126,Mama,Tom Yam Koong Rice Vermicelli,Pack,Thailand,1.5,71
116,Mama,Nam Vang,Pack,Thailand,3.6,71
109,Mama,Pad Thai,Pack,Thailand,3.1,71
94,Mama,Artificial Chicken,Pack,Thailand,2.5,71
35,Mama,Chand Clear Soup,Pack,Thailand,3,71
2561,Paldo,Premium Gomtang,Pack,South Korea,4,66
2483,Paldo,Bul Jjamppong,Bowl,South Korea,5,66
2467,Paldo,Volcano Curry Kkokkomyun,Pack,South Korea,3.5,66
2324,Paldo,Bul Jjajangmyeon,Pack,South Korea,5,66
2234,Paldo,Bibim Men,Bowl,South Korea,5,66
2220,Paldo,Budae Jjigae,Pack,South Korea,5,66
2212,Paldo,Bul Jjamppong,Pack,South Korea,4,66
1766,Paldo,Bulnak Boeummyun King Noodle,Bowl,South Korea,3.5,66
1754,Paldo,King Bowl Super Spicy Pan Stirfried Noodle,Bowl,South Korea,5,66
1677,Paldo,Raobokki Noodle (Export Version),Pack,South Korea,5,66
1575,Paldo,Jjajangmen Chajang Noodle King Bowl,Bowl,South Korea,5,66
1523,Paldo,Jjamppong Seafood Noodle King Bowl,Bowl,South Korea,5,66
1480,Paldo,Jjol Bibim Men,Pack,South Korea,4,66
1414,Paldo,Cheese Ramyun (for US market),Pack,South Korea,5,66
1394,Paldo,Mild Kokomen (Prototype),Pack,South Korea,4.5,66
1388,Paldo,Barbecue Ramyun (Prototype),Pack,South Korea,3.75,66
1347,Paldo,Bulnak Bokkummyun Spicy Fried Octopus Ramyun,Pack,South Korea,4,66
1314,Paldo,Korean Traditional Beef Gomtangmen,Pack,South Korea,5,66
1194,Paldo,Namja Ramyun (US Version),Bowl,South Korea,4,66
1183,Paldo,Cheese Noodle,Pack,South Korea,5,66
1001,Paldo,Ð”ÐžÐ¨Ð˜Ð ÐÐš (Dosirac) Beef Flavor,Pack,South Korea,3.5,66
986,Paldo,Jong-Gah-Jip Kimchi Ramen,Pack,South Korea,4,66
933,Paldo,Kokomen Spicy Chicken,Cup,South Korea,4.5,66
932,Paldo,Namja Ramen (USA version),Pack,South Korea,5,66
927,Paldo,Kokomen Spicy Chicken,Bowl,South Korea,4.75,66
910,Paldo,Namja Ramyun,Bowl,South Korea,4.25,66
893,Paldo,Bowl Noodle Shrimp Flavor,Bowl,South Korea,3.25,66
829,Paldo,Kko Kko Myun King Cup,Bowl,South Korea,4.75,66
828,Paldo,Seolleongtangmyeon,Pack,South Korea,3.5,66
827,Paldo,Rabokki,Pack,South Korea,4.75,66
826,Paldo,Namja,Pack,South Korea,5,66
825,Paldo,Shoyu,Cup,Japan,3.25,66
824,Paldo,Bibim Men Cucumber,Pack,South Korea,5,66
823,Paldo,Kokomen Spicy Chicken,Pack,South Korea,5,66
822,Paldo,Speed King Bowl (Prototype),Bowl,South Korea,3.5,66
674,Paldo,Kko Kko Myun,Pack,South Korea,5,66
663,Paldo,Jjajangmen Black Bean,Pack,South Korea,4,66
658,Paldo,Hwa King Cup,Cup,South Korea,3.5,66
568,Paldo,Gomtang,Cup,South Korea,4,66
533,Paldo,Gomtang,Pack,South Korea,4.75,66
512,Paldo,Big Bowl Noodle,Bowl,South Korea,3.75,66
468,Paldo,Snack Noodle slightly Hot,Pack,South Korea,3.75,66
399,Paldo,Spicy Seafood,Cup,South Korea,3.75,66
398,Paldo,Bowl Noodle Beef With Vegetables,Bowl,South Korea,3.75,66
394,Paldo,Hwa Cup Hot Spicy,Cup,South Korea,3.5,66
348,Paldo,Bowl Noodle Kimchi,Bowl,South Korea,3.5,66
346,Paldo,Bowl Noodle Spicy Artificial Chicken,Bowl,South Korea,3.125,66
344,Paldo,Stirfried Kimchi,Pack,South Korea,3.75,66
314,Paldo,Dosirac Mushroom,Tray,South Korea,2.5,66
313,Paldo,Dosirac Shrimp,Tray,South Korea,4.25,66
309,Paldo,Dosirac Beef,Tray,South Korea,3.75,66
303,Paldo,Dosirac Artificial Chicken,Tray,South Korea,3.25,66
294,Paldo,South Korean Seafood,Pack,South Korea,3.75,66
292,Paldo,South Korean U Dong,Pack,South Korea,3.75,66
289,Paldo,South Korean Broad Noodle,Pack,South Korea,2,66
287,Paldo,King Cup Lobster,Cup,South Korea,3.75,66
283,Paldo,King Cup Kimchi Pot Stew,Cup,South Korea,4,66
271,Paldo,South Korean Noodle Kimchi Flavor,Pack,South Korea,3.5,66
269,Paldo,Spicy Shrimp Bowl,Bowl,South Korea,3.5,66
192,Paldo,Soy Flavor Noodle,Pack,South Korea,4.25,66
187,Paldo,Hwa Ramyun Soy Peptide,Pack,South Korea,4,66
186,Paldo,Teumsae Ramyun,Pack,South Korea,3.5,66
176,Paldo,Dosirac Pork,Tray,South Korea,4.125,66
161,Paldo,Green Tea Chlorella,Pack,South Korea,0,66
118,Paldo,Bibim Men,Pack,South Korea,3.75,66
88,Paldo,South Korean Noodle Chicken,Pack,South Korea,3.25,66
2568,Nongshim,Mr. Bibim Stir-Fried Kimchi Flavor,Pack,South Korea,4.25,62
2533,Nongshim,Shin Ramyun Black,Pack,South Korea,5,62
2523,Nongshim,Budae Jjigae Noodle Soup,Pack,South Korea,4.5,62
2504,Nongshim,Shin Ramyun,Pack,South Korea,3,62
2382,Nongshim,Seaweed Instant Noodle,Cup,South Korea,0.5,62
2356,Nongshim,Spicy Shrimp Cup Noodle,Cup,South Korea,4,62
2319,Nongshim,Saeutang Sabalmyeon,Bowl,South Korea,3.5,62
2161,Nongshim,Chal Bibim Myun,Pack,South Korea,5,62
2094,Nongshim,Champong Noodle Soup Spicy Seafood Flavor,Pack,South Korea,5,62
1827,Nongshim,Zha Wang ((Jjawang) Noodles With Chajang Sauce,Pack,South Korea,5,62
1630,Nongshim,Korean Clay Pot Ramyun,Bowl,China,2.5,62
1601,Nongshim,Jinjja Jinjja (New),Pack,South Korea,5,62
1593,Nongshim,Tteokgukmyun,Pack,South Korea,4.25,62
1515,Nongshim,Neoguri Udon Seafood & Mild,Pack,South Korea,4,62
1421,Nongshim,Korean Clay Pot Ramyun Noodle,Cup,China,2.75,62
1308,Nongshim,Soon Veggie Noodle Soup,Pack,South Korea,5,62
1290,Nongshim,Sain Sain Garlic Teriyaki Fresh Cooked Udon Pasta,Tray,South Korea,4.5,62
1283,Nongshim,Oolongmen Kimchi Cup Noodle Soup Mix,Cup,South Korea,4,62
1187,Nongshim,Shin Ramyun Cup,Cup,South Korea,3.5,62
1105,Nongshim,Doong Ji Authentic Korean Cold Noodles With Chili Sauce,Tray,South Korea,5,62
1044,Nongshim,Shin Ramyun Noodle Spicy Mushroom,Bowl,China,3.25,62
1042,Nongshim,Potato Pork Ramyun,Pack,China,5,62
998,Nongshim,Shin Ramyun Black Spicy Beef,Cup,South Korea,4.5,62
918,Nongshim,Tempura Udon Flavor Cup Ramyun,Cup,South Korea,4.5,62
913,Nongshim,Spicy Shrimp Cup Ramyun,Cup,South Korea,4.25,62
907,Nongshim,Neoguri Spicy Seafood,Cup,South Korea,4,62
845,Nongshim,Doong Ji Cold Noodle Chilled Broth,Pack,South Korea,4.25,62
841,Nongshim,Chapagetti (South Korean),Pack,South Korea,4,62
809,Nongshim,Neoguri Mild (South Korea),Pack,South Korea,4,62
755,Nongshim,Udon ,Bowl,South Korea,4.25,62
753,Nongshim,Soba,Pack,South Korea,4.25,62
751,Nongshim,Shin Ramyun Black Onion,Cup,South Korea,5,62
745,Nongshim,Jinjja Jinjja,Pack,South Korea,5,62
711,Nongshim,Hearty Rice Noodle Beef,Pack,South Korea,4.25,62
683,Nongshim,Udon Garlic Teriyaki,Pack,South Korea,4.75,62
681,Nongshim,Hearty Rice Noodle Black Bean Vegetable,Pack,South Korea,3.75,62
677,Nongshim,Shin Ramyun Shrimp,Pack,China,4.5,62
648,Nongshim,Seafood Ramyun,Pack,South Korea,3.75,62
645,Nongshim,Oolongmen Artificial Chicken,Cup,South Korea,3.75,62
602,Nongshim,Oolongmen Artificial Seafood,Cup,South Korea,3.5,62
593,Nongshim,Chapagetti Chajang,Pack,South Korea,4,62
578,Nongshim,Shin Ramyun Black,Pack,South Korea,4.75,62
506,Nongshim,Oolongmen Beef,Cup,South Korea,2.5,62
501,Nongshim,Neoguri Mild,Pack,South Korea,3.25,62
479,Nongshim,Potato Noodle Soup,Pack,South Korea,3.75,62
442,Nongshim,Kalguksoo,Pack,South Korea,4.5,62
437,Nongshim,Big Bowl Spicy Kimchi,Bowl,South Korea,3.25,62
355,Nongshim,Noodle Lite 275 Udon Mushroom,Bowl,South Korea,2.5,62
342,Nongshim,Shin Big Bowl,Bowl,South Korea,3.5,62
332,Nongshim,Champong Oriental Noodles,Cup,South Korea,3.75,62
328,Nongshim,Big Bowl Udon,Bowl,South Korea,4.5,62
324,Nongshim,Big Bowl Spicy Shrimp,Bowl,South Korea,3.5,62
298,Nongshim,Hearty Rice Noodle Spicy Veggie Consomme,Pack,South Korea,2.75,62
291,Nongshim,Shin Bowl,Bowl,South Korea,3,62
188,Nongshim,Udon,Pack,South Korea,4,62
144,Nongshim,Kimchi Ramyun,Pack,South Korea,3.5,62
129,Nongshim,Mupama Tang Myun,Pack,South Korea,3.5,62
113,Nongshim,Hooroorook ,Pack,South Korea,4,62
22,Nongshim,Ansungtangmyun Noodle Soup,Pack,South Korea,3.75,62
21,Nongshim,Champong Oriental Noodles,Pack,South Korea,4,62
20,Nongshim,Neoguri (Seafood'n'Spicy),Pack,South Korea,3.5,62
19,Nongshim,Shin Ramyun,Pack,South Korea,4,62
2418,Myojo,Yomise No Yakisoba Karashi Mentaiko Flavor,Tray,Japan,4.5,57
2289,Myojo,Shin Toyama Black Ramen,Bowl,Japan,4,57
2215,Myojo,Mee Goreng Spicy Flavour,Pack,Singapore,5,57
2190,Myojo,Barikata Noukou Tonkotsu Shoyu,Bowl,Japan,4.75,57
2131,Myojo,Mee Goreng Thai Tom Yum Flavour,Pack,Singapore,4,57
2100,Myojo,Mee Goreng Original Flavour,Pack,Singapore,4,57
2030,Myojo,Charumera Atyificial Tonkotsu Shouyu Flavor,Pack,Japan,3.75,57
1959,Myojo,Charumera Shoyu Ramen,Pack,Japan,4,57
1887,Myojo,Mee Poh Dry,Pack,Singapore,4.25,57
1886,Myojo,Chicken Abalone Flavour,Bowl,Singapore,3.75,57
1885,Myojo,Ramen Char Mee 100,Pack,Singapore,3,57
1884,Myojo,La Ramen Spicy Mushroom Flavour Big Bowl,Bowl,Singapore,4.5,57
1883,Myojo,Mee Goreng,Pack,Singapore,4,57
1882,Myojo,La Ramen Spicy Lobster Hot Pot Flavour Big Bowl,Bowl,Singapore,4.75,57
1881,Myojo,Chicken Abalone Flavour,Pack,Singapore,3.5,57
1880,Myojo,Thai Tom Yam Flavour,Bowl,Singapore,3.75,57
1879,Myojo,Chicken Tanmen Flavour,Pack,Singapore,3.5,57
1878,Myojo,Extra Spicy Singapore Curry Big Bowl,Bowl,Singapore,5,57
1877,Myojo,La Ramen Spicy Mushroom Flavour,Pack,Singapore,4.5,57
1876,Myojo,Chicken Flavour,Pack,Singapore,3.75,57
1858,Myojo,Wantan Men,Bowl,Japan,5,57
1621,Myojo,MenWhite Creamy Tonkotsu,Bowl,Japan,3,57
1607,Myojo,Nyumen Desse Shoyu,Bowl,Japan,2.75,57
1551,Myojo,Men Black Seafood Tonkotsu,Bowl,Japan,3.5,57
1446,Myojo,Ippei-Chan Jumbo Night Market Style Yakisoba,Tray,Japan,4.5,57
1428,Myojo,Chukazanmai Beijing Style Salt Ramen,Pack,Japan,3,57
1416,Myojo,Chukazanmai Szechuan Style Miso,Pack,Japan,2,57
1401,Myojo,Yomise No Yakisoba Shiodare Flavor With Black Pepper Mayonnaise,Tray,Japan,3.75,57
1293,Myojo,Prawn Noodles,Pack,Singapore,4.25,57
1179,Myojo,Chukazanmai Guangdong Style Ramen,Pack,Japan,4.25,57
1103,Myojo,Ippei-chan Yomise No Yakisoba Teriyaki Mayo Flavor,Tray,Japan,5,57
904,Myojo,Ippei-chan Yomise-No Yakisoba Oriental,Tray,Japan,4.75,57
560,Myojo,Ippeichan Soy Sauce,Bowl,Japan,4,57
473,Myojo,Ramen-Desse Miso Soybean Paste,Bowl,Japan,4.5,57
452,Myojo,Hyoubanya No Chukasoba Soy Sauce,Pack,Japan,4,57
451,Myojo,Ippeichan Soybean Paste,Bowl,Japan,4,57
421,Myojo,Kakesoba Desse Soy Sauce,Bowl,Japan,2.75,57
419,Myojo,Ramen Desse Shio,Bowl,Japan,4.25,57
401,Myojo,Suudon Desse Soy Sauce,Bowl,Japan,4.25,57
391,Myojo,Hyoubanya No Chukasoba Oriental,Pack,Japan,4.25,57
345,Myojo,Charumera Shoyu,Pack,Japan,3.5,57
286,Myojo,Hyoubanya No Yakisoba Oriental,Tray,Japan,4,57
247,Myojo,Udon Mushroom,Pack,Japan,3,57
243,Myojo,Udon Hot & Spicy,Pack,Japan,4.5,57
234,Myojo,Udon Shrimp,Pack,Japan,3.75,57
229,Myojo,Udon Chicken,Pack,Japan,3.75,57
222,Myojo,Udon Crab,Pack,Japan,3,57
195,Myojo,Chukazanmai Served Cool Sesame Flavored Rice Vinegar Sesame,Pack,Japan,3,57
184,Myojo,Chukazanmai Soy Sauce,Pack,Japan,3.75,57
182,Myojo,Chukazanmai Soy Sauce chili Oil,Pack,Japan,3.25,57
180,Myojo,Hyobanya No Yakisoba Sauce Flavor,Tray,Japan,4.75,57
170,Myojo,Chukazanmai Soybean Paste,Pack,Japan,3.5,57
162,Myojo,Chukazanmai Oriental,Pack,Japan,3.75,57
160,Myojo,Ramen Desse Soy Sauce,Bowl,Japan,1.5,57
148,Myojo,Okinawa Soba,Pack,Japan,3.75,57
31,Myojo,Ippeichan Yakisoba,Tray,Japan,4,57
30,Myojo,Special Duck,Pack,Japan,1,57
